Workbook
Name Slicer_Need_Want: #N/A
Name Slicer_City: #N/A
Name Slicer_Payment_Method: #N/A
Name Slicer_Category: #N/A

Sheet Raw Data
A1: Expense ID | B1: Date | C1: Day | D1: Category | E1: Subcategory | F1: Amount (INR) | G1: Payment Method | H1: City | I1: Recurring | J1: Need/Want
A2: 1 | B2: 46143 | C2: Friday | D2: Transport | E2: Bus | F2: 290.15 | G2: UPI | H2: Mysuru | I2: Yes | J2: Need
A3: 2 | B3: 46146 | C3: Monday | D3: Others | E3: Miscellaneous | F3: 495.51 | G3: Cash | H3: Mysuru | I3: No | J3: Want
A4: 3 | B4: 46149 | C4: Thursday | D4: Others | E4: Donation | F4: 2302.5 | G4: Net Banking | H4: Ballari | I4: Yes | J4: Need
A5: 4 | B5: 46153 | C5: Monday | D5: Bills | E5: Mobile Recharge | F5: 1202.37 | G5: Credit Card | H5: Mysuru | I5: Yes | J5: Want
A6: 5 | B6: 46156 | C6: Thursday | D6: Health | E6: Doctor | F6: 2212.78 | G6: Debit Card | H6: Hyderabad | I6: Yes | J6: Want
A7: 6 | B7: 46157 | C7: Friday | D7: Transport | E7: Metro | F7: 663.8 | G7: Debit Card | H7: Chennai | I7: Yes | J7: Want
A8: 7 | B8: 46159 | C8: Sunday | D8: Food | E8: Dinner | F8: 323.49 | G8: UPI | H8: Mysuru | I8: Yes | J8: Need
A9: 8 | B9: 46162 | C9: Wednesday | D9: Bills | E9: Internet | F9: 396.41 | G9: Credit Card | H9: Bengaluru | I9: No | J9: Want
A10: 9 | B10: 46162 | C10: Wednesday | D10: Shopping | E10: Personal Care | F10: 563.13 | G10: Cash | H10: Bengaluru | I10: No | J10: Need
A11: 10 | B11: 46163 | C11: Thursday | D11: Others | E11: Miscellaneous | F11: 711.37 | G11: Net Banking | H11: Ballari | I11: No | J11: Need
A12: 11 | B12: 46163 | C12: Thursday | D12: Others | E12: Gift | F12: 2386.85 | G12: Debit Card | H12: Chennai | I12: Yes | J12: Need
A13: 12 | B13: 46163 | C13: Thursday | D13: Others | E13: Donation | F13: 1773.67 | G13: Net Banking | H13: Chennai | I13: Yes | J13: Want
... A101: 100 | B101: 46263 | C101: Saturday | D101: Others | E101: Gift | F101: 2064.18 | G101: Credit Card | H101: Hyderabad | I101: Yes | J101: Need

Sheet Cleaned data
A1: Expense ID | B1: Date | C1: Day | D1: Category | E1: Subcategory | F1: Amount (INR) | G1: Payment Method | H1: City | I1: Recurring | J1: Need/Want | K1: MONTH | L1: month Number | M1: Expense Level | N1: Day Type | O1: Transaction Number
A2: 1 | B2: 46143 | C2: Friday | D2: Transport | E2: Bus | F2: 290.15 | G2: UPI | H2: Mysuru | I2: Yes | J2: Need | K2: =TEXT(B2,"MMMM") -> May | L2: =MONTH((B2)) -> 5 | M2: =IF(F2>=3000,"high",IF(F2>=1000,"medium","low")) -> low | N2: =IF(WEEKDAY(B2,2)>5,"weekend","weekday") -> weekday | O2: =ROW()-1 -> 1
A3: 2 | B3: 46146 | C3: Monday | D3: Others | E3: Miscellaneous | F3: 495.51 | G3: Cash | H3: Mysuru | I3: No | J3: Want | K3: =TEXT(B3,"MMMM") -> May | L3: =MONTH((B3)) -> 5 | M3: =IF(F3>=3000,"high",IF(F3>=1000,"medium","low")) -> low | N3: =IF(WEEKDAY(B3,2)>5,"weekend","weekday") -> weekday | O3: =ROW()-1 -> 2
A4: 3 | B4: 46149 | C4: Thursday | D4: Others | E4: Donation | F4: 2302.5 | G4: Net Banking | H4: Ballari | I4: Yes | J4: Need | K4: =TEXT(B4,"MMMM") -> May | L4: =MONTH((B4)) -> 5 | M4: =IF(F4>=3000,"high",IF(F4>=1000,"medium","low")) -> medium | N4: =IF(WEEKDAY(B4,2)>5,"weekend","weekday") -> weekday | O4: =ROW()-1 -> 3
A5: 4 | B5: 46153 | C5: Monday | D5: Bills | E5: Mobile Recharge | F5: 1202.37 | G5: Credit Card | H5: Mysuru | I5: Yes | J5: Want | K5: =TEXT(B5,"MMMM") -> May | L5: =MONTH((B5)) -> 5 | M5: =IF(F5>=3000,"high",IF(F5>=1000,"medium","low")) -> medium | N5: =IF(WEEKDAY(B5,2)>5,"weekend","weekday") -> weekday | O5: =ROW()-1 -> 4
A6: 5 | B6: 46156 | C6: Thursday | D6: Health | E6: Doctor | F6: 2212.78 | G6: Debit Card | H6: Hyderabad | I6: Yes | J6: Want | K6: =TEXT(B6,"MMMM") -> May | L6: =MONTH((B6)) -> 5 | M6: =IF(F6>=3000,"high",IF(F6>=1000,"medium","low")) -> medium | N6: =IF(WEEKDAY(B6,2)>5,"weekend","weekday") -> weekday | O6: =ROW()-1 -> 5
A7: 6 | B7: 46157 | C7: Friday | D7: Transport | E7: Metro | F7: 663.8 | G7: Debit Card | H7: Chennai | I7: Yes | J7: Want | K7: =TEXT(B7,"MMMM") -> May | L7: =MONTH((B7)) -> 5 | M7: =IF(F7>=3000,"high",IF(F7>=1000,"medium","low")) -> low | N7: =IF(WEEKDAY(B7,2)>5,"weekend","weekday") -> weekday | O7: =ROW()-1 -> 6
A8: 7 | B8: 46159 | C8: Sunday | D8: Food | E8: Dinner | F8: 323.49 | G8: UPI | H8: Mysuru | I8: Yes | J8: Need | K8: =TEXT(B8,"MMMM") -> May | L8: =MONTH((B8)) -> 5 | M8: =IF(F8>=3000,"high",IF(F8>=1000,"medium","low")) -> low | N8: =IF(WEEKDAY(B8,2)>5,"weekend","weekday") -> weekend | O8: =ROW()-1 -> 7
A9: 8 | B9: 46162 | C9: Wednesday | D9: Bills | E9: Internet | F9: 396.41 | G9: Credit Card | H9: Bengaluru | I9: No | J9: Want | K9: =TEXT(B9,"MMMM") -> May | L9: =MONTH((B9)) -> 5 | M9: =IF(F9>=3000,"high",IF(F9>=1000,"medium","low")) -> low | N9: =IF(WEEKDAY(B9,2)>5,"weekend","weekday") -> weekday | O9: =ROW()-1 -> 8
A10: 9 | B10: 46162 | C10: Wednesday | D10: Shopping | E10: Personal Care | F10: 563.13 | G10: Cash | H10: Bengaluru | I10: No | J10: Need | K10: =TEXT(B10,"MMMM") -> May | L10: =MONTH((B10)) -> 5 | M10: =IF(F10>=3000,"high",IF(F10>=1000,"medium","low")) -> low | N10: =IF(WEEKDAY(B10,2)>5,"weekend","weekday") -> weekday | O10: =ROW()-1 -> 9
A11: 10 | B11: 46163 | C11: Thursday | D11: Others | E11: Miscellaneous | F11: 711.37 | G11: Net Banking | H11: Ballari | I11: No | J11: Need | K11: =TEXT(B11,"MMMM") -> May | L11: =MONTH((B11)) -> 5 | M11: =IF(F11>=3000,"high",IF(F11>=1000,"medium","low")) -> low | N11: =IF(WEEKDAY(B11,2)>5,"weekend","weekday") -> weekday | O11: =ROW()-1 -> 10
A12: 11 | B12: 46163 | C12: Thursday | D12: Others | E12: Gift | F12: 2386.85 | G12: Debit Card | H12: Chennai | I12: Yes | J12: Need | K12: =TEXT(B12,"MMMM") -> May | L12: =MONTH((B12)) -> 5 | M12: =IF(F12>=3000,"high",IF(F12>=1000,"medium","low")) -> medium | N12: =IF(WEEKDAY(B12,2)>5,"weekend","weekday") -> weekday | O12: =ROW()-1 -> 11
A13: 12 | B13: 46163 | C13: Thursday | D13: Others | E13: Donation | F13: 1773.67 | G13: Net Banking | H13: Chennai | I13: Yes | J13: Want | K13: =TEXT(B13,"MMMM") -> May | L13: =MONTH((B13)) -> 5 | M13: =IF(F13>=3000,"high",IF(F13>=1000,"medium","low")) -> medium | N13: =IF(WEEKDAY(B13,2)>5,"weekend","weekday") -> weekday | O13: =ROW()-1 -> 12
... A101: 100 | B101: 46263 | C101: Saturday | D101: Others | E101: Gift | F101: 2064.18 | G101: Credit Card | H101: Hyderabad | I101: Yes | J101: Need | K101: =TEXT(B101,"MMMM") -> August | L101: =MONTH((B101)) -> 8 | M101: =IF(F101>=3000,"high",IF(F101>=1000,"medium","low")) -> medium | N101: =IF(WEEKDAY(B101,2)>5,"weekend","weekday") -> weekend | O101: =ROW()-1 -> 100

Sheet Pivot Table
A3: Category | B3: Sum of Amount (INR) | F3: Payment Method | G3: Sum of Amount (INR) | J3: City | K3: Sum of Amount (INR)
A4: Bills | B4: 27850.2 | F4: Cash | G4: 26941.67 | J4: Ballari | K4: 31097.53
A5: Education | B5: 19377.25 | F5: Credit Card | G5: 17973.33 | J5: Bengaluru | K5: 17641.54
A6: Entertainment | B6: 10715.69 | F6: Debit Card | G6: 24542.72 | J6: Chennai | K6: 24979.91
A7: Food | B7: 6998.23 | F7: Net Banking | G7: 31310.31 | J7: Hyderabad | K7: 26813.92
A8: Health | B8: 12566.75 | F8: UPI | G8: 24586.66 | J8: Mysuru | K8: 24821.79
A9: Others | B9: 22605.43 | F9: Grand Total | G9: 125354.69 | J9: Grand Total | K9: 125354.69
A10: Shopping | B10: 14473.93
A11: Transport | B11: 10767.21
A12: Grand Total | B12: 125354.69
A16: Need/Want | B16: Sum of Amount (INR) | F16: MONTH | G16: Sum of Amount (INR)
A17: Need | B17: 62135.59 | F17: May | G17: 25787.56
A18: Want | B18: 63219.1 | F18: June | G18: 30740.54
A19: Grand Total | B19: 125354.69 | F19: July | G19: 40054.61
F20: August | G20: 28771.98
F21: Grand Total | G21: 125354.69

Sheet KPI
B3: KPI | C3: VALUES
B4: Total Expense | C4: =SUM('Cleaned data'!F2:F101) -> 125354.69
B5: Average Expense | C5: =AVERAGE('Cleaned data'!F2:F101) -> 1253.5469
B6: Transactions | C6: =COUNT('Cleaned data'!A2:A101) -> 100
B7: Highest Expense | C7: =MAX('Cleaned data'!F2:F101) -> 4983.83
B8: Lowest Expense | C8: =MIN('Cleaned data'!F2:F101) -> 129.97

Sheet DASHBOARD
G1: DAILY EXPENCE TRACKER DASHBOARD
G5: TOTAL EXPENSE | K5: Average Expense | O5: Transactions | R5: Highest | U5: Lowest
G6: =SUM('Cleaned data'!F2:F101) -> 125354.69 | K6: =AVERAGE('Cleaned data'!F2:F101) -> 1253.5469 | O6: =COUNT('Cleaned data'!F2:F101) -> 100 | R6: =MAX('Cleaned data'!F2:F101) -> 4983.83 | U6: =MIN('Cleaned data'!F2:F101) -> 129.97
